id,name,age,city,marks
1,Ali,20.0,Lahore,85.0
2,Usman,21.0,Islamabad,90.0
3,Ahmed,22.0,Karachi,82.95238095238095
4,Sara,20.0,Lahore,78.0
5,Ayesha,21.45,Karachi,88.0
6,Hamza,23.0,Peshawar,72.0
7,Bilal,21.0,Lahore,81.0
8,Fatima,22.0,Islamabad,95.0
9,Omar,21.45,Peshawar,67.0
10,Zainab,20.0,Karachi,89.0
11,Hassan,24.0,Lahore,76.0
12,Mariam,21.0,Islamabad,82.95238095238095
13,Ali,20.0,Lahore,85.0
14,Usman,21.0,Islamabad,90.0
15,Sana,21.45,Karachi,84.0
16,Danish,22.0,Unknown,73.0
17,Noor,23.0,Peshawar,91.0
18,Kashif,20.0,Lahore,82.95238095238095
19,Hina,22.0,Islamabad,87.0
20,Raza,21.45,Karachi,79.0
21,Unknown,21.0,Lahore,82.0
22,Mehwish,20.0,Peshawar,88.0
23,Arslan,24.0,Unknown,69.0
24,Sadia,22.0,Islamabad,93.0
